{"name": "\u5fae\u4fe1\u5ba0\u7269\u5c4b", "entities": [{"id": 0, "display_name": "\u673a\u667a\u4e91\u5f00\u53d1\u5957\u4ef6", "attrs": [{"display_name": "\u5f00\u542f/\u5173\u95ed\u7ea2\u8272\u706f", "name": "attr0", "data_type": "bool", "position": {"bit_offset": 0, "len": 1, "unit": "bit", "byte_offset": 0}, "type": "status_writable", "id": 0, "desc": "....."}, {"display_name": "\u8bbe\u5b9aLED\u7ec4\u5408\u989c\u8272", "name": "attr1", "data_type": "enum", "enum": ["\u81ea\u5b9a\u4e49", "\u9ec4\u8272", "\u7d2b\u8272", "\u7c89\u8272"], "position": {"bit_offset": 1, "len": 3, "unit": "bit", "byte_offset": 0}, "type": "status_writable", "id": 1, "desc": "....."}, {"display_name": "\u8bbe\u5b9aLED\u7ea2\u8272\u503c", "name": "attr2", "data_type": "uint8", "position": {"bit_offset": 0, "len": 1, "unit": "byte", "byte_offset": 1}, "uint_spec": {"addition": 0, "max": 254, "ratio": 1, "min": 0}, "type": "status_writable", "id": 2, "desc": "....."}, {"display_name": "\u8bbe\u5b9aLED\u7eff\u8272\u503c", "name": "attr3", "data_type": "uint8", "position": {"bit_offset": 0, "len": 1, "unit": "byte", "byte_offset": 2}, "uint_spec": {"addition": 0, "max": 254, "ratio": 1, "min": 0}, "type": "status_writable", "id": 3, "desc": "....."}, {"display_name": "\u8bbe\u5b9aLED\u84dd\u8272\u503c", "name": "attr4", "data_type": "uint8", "position": {"bit_offset": 0, "len": 1, "unit": "byte", "byte_offset": 3}, "uint_spec": {"addition": 0, "max": 254, "ratio": 1, "min": 0}, "type": "status_writable", "id": 4, "desc": "....."}, {"display_name": "\u8bbe\u5b9a\u7535\u673a\u8f6c\u901f", "name": "attr5", "data_type": "uint16", "position": {"bit_offset": 0, "len": 2, "unit": "byte", "byte_offset": 4}, "uint_spec": {"addition": -5, "max": 10, "ratio": 1, "min": 0}, "type": "status_writable", "id": 5, "desc": "....."}, {"display_name": "\u7ea2\u5916\u63a2\u6d4b", "name": "attr6", "data_type": "bool", "position": {"bit_offset": 0, "len": 1, "unit": "bit", "byte_offset": 6}, "type": "status_readonly", "id": 6, "desc": "....."}, {"display_name": "\u73af\u5883\u6e29\u5ea6", "name": "attr7", "data_type": "uint8", "position": {"bit_offset": 0, "len": 1, "unit": "byte", "byte_offset": 7}, "uint_spec": {"addition": -13, "max": 200, "ratio": 1, "min": 0}, "type": "status_readonly", "id": 7, "desc": "....."}, {"display_name": "\u73af\u5883\u6e7f\u5ea6", "name": "attr8", "data_type": "uint8", "position": {"bit_offset": 0, "len": 1, "unit": "byte", "byte_offset": 8}, "uint_spec": {"addition": 0, "max": 100, "ratio": 1, "min": 0}, "type": "status_readonly", "id": 8, "desc": "....."}, {"display_name": "\u62a5\u8b661", "name": "attr9", "data_type": "bool", "position": {"bit_offset": 0, "len": 1, "unit": "bit", "byte_offset": 9}, "type": "alert", "id": 9, "desc": "....."}, {"display_name": "\u62a5\u8b662", "name": "attr10", "data_type": "bool", "position": {"bit_offset": 1, "len": 1, "unit": "bit", "byte_offset": 9}, "type": "alert", "id": 10, "desc": "....."}, {"display_name": "LED\u6545\u969c", "name": "attr11", "data_type": "bool", "position": {"bit_offset": 0, "len": 1, "unit": "bit", "byte_offset": 10}, "type": "fault", "id": 11, "desc": "....."}, {"display_name": "\u7535\u673a\u6545\u969c", "name": "attr12", "data_type": "bool", "position": {"bit_offset": 1, "len": 1, "unit": "bit", "byte_offset": 10}, "type": "fault", "id": 12, "desc": "....."}, {"display_name": "\u6e29\u6e7f\u5ea6\u4f20\u611f\u5668\u6545\u969c", "name": "attr13", "data_type": "bool", "position": {"bit_offset": 2, "len": 1, "unit": "bit", "byte_offset": 10}, "type": "fault", "id": 13, "desc": "....."}, {"display_name": "\u7ea2\u5916\u4f20\u611f\u5668\u6545\u969c", "name": "attr14", "data_type": "bool", "position": {"bit_offset": 3, "len": 1, "unit": "bit", "byte_offset": 10}, "type": "fault", "id": 14, "desc": "....."}], "name": "entity0"}], "protocolType": "standard", "product_key": "6f3074fe43894547a4f1314bd7e3ae0b", "packetVersion": "0x00000004", "ui": {"object": {"version": 4, "showEditButton": false}, "sections": [{"elements": [{"boolValue": false, "object": {"action": "entity0", "bind": ["entity0.attr0"], "perm": "W"}, "type": "QBooleanElement", "key": "entity0.attr0", "title": "\u5f00\u542f/\u5173\u95ed\u7ea2\u8272\u706f"}, {"items": ["\u81ea\u5b9a\u4e49", "\u9ec4\u8272", "\u7d2b\u8272", "\u7c89\u8272"], "object": {"action": "entity0", "bind": ["entity0.attr1"], "perm": "W"}, "type": "QRadioElement", "key": "entity0.attr1", "title": "\u8bbe\u5b9aLED\u7ec4\u5408\u989c\u8272"}, {"title": "\u8bbe\u5b9aLED\u7ea2\u8272\u503c", "bind": "floatValue:float", "object": {"action": "entity0", "bind": ["entity0.attr2"], "uint_spec": {"max": 254, "step": 1, "min": 0}, "perm": "W"}, "value": 0, "key": "entity0.attr2", "maximumValue": 254, "minimumValue": 0, "type": "QFloatElement"}, {"title": "\u8bbe\u5b9aLED\u7eff\u8272\u503c", "bind": "floatValue:float", "object": {"action": "entity0", "bind": ["entity0.attr3"], "uint_spec": {"max": 254, "step": 1, "min": 0}, "perm": "W"}, "value": 0, "key": "entity0.attr3", "maximumValue": 254, "minimumValue": 0, "type": "QFloatElement"}, {"title": "\u8bbe\u5b9aLED\u84dd\u8272\u503c", "bind": "floatValue:float", "object": {"action": "entity0", "bind": ["entity0.attr4"], "uint_spec": {"max": 254, "step": 1, "min": 0}, "perm": "W"}, "value": 0, "key": "entity0.attr4", "maximumValue": 254, "minimumValue": 0, "type": "QFloatElement"}, {"title": "\u8bbe\u5b9a\u7535\u673a\u8f6c\u901f", "bind": "floatValue:float", "object": {"action": "entity0", "bind": ["entity0.attr5"], "uint_spec": {"max": 5, "step": 1, "min": -5}, "perm": "W"}, "value": 0, "key": "entity0.attr5", "maximumValue": 5, "minimumValue": -5, "type": "QFloatElement"}, {"boolValue": false, "object": {"action": "entity0", "bind": ["entity0.attr6"], "perm": "N"}, "type": "QBooleanElement", "key": "entity0.attr6", "title": "\u7ea2\u5916\u63a2\u6d4b"}, {"object": {"action": "entity0", "bind": ["entity0.attr7"], "uint_spec": {"max": 187, "step": 1, "min": -13}, "perm": "N"}, "type": "QLabelElement", "key": "entity0.attr7", "title": "\u73af\u5883\u6e29\u5ea6"}, {"object": {"action": "entity0", "bind": ["entity0.attr8"], "uint_spec": {"max": 100, "step": 1, "min": 0}, "perm": "N"}, "type": "QLabelElement", "key": "entity0.attr8", "title": "\u73af\u5883\u6e7f\u5ea6"}]}]}}
